	WORD	SENTENCE	IA_LABEL	pos	upos	jpos	upos*	xpos	LD2ROOT	LD2HEAD	DEPTH2ROOT	Neighbors_Num	TOTAL_DURATION	STD_TOTAL_DURATION	N_SYL	Freq	pure_token	IA_FIRST_FIXATION_DURATION	IA_SECOND_FIXATION_DURATION	STD_IA_FIRST_FIXATION_DURATION	STD_IA_SECOND_FIXATION_DURATION
0	3957	291	我	r	PRON	r	PRON	PRP	13	13	1	79	23.666666666666668	61.35760389353185	1	5517.999999999999	我	23.666666666666668	0.0	61.35760389353185	0.0
1	3958	291	一	m	NUM	m	NUM	CD	12	1	4	1473	44.266666666666666	62.93961833023421	1	8489.0	一	44.266666666666666	0.0	62.93961833023421	0.0
2	3959	291	个	q	DET	q	DET		11	1	3	99	141.46666666666667	255.74671497835945	1	3297.9999999999995	个	84.06666666666666	11.866666666666667	93.41196687553236	44.40100098971743
3	3960	291	人	n	NOUN	n	NOUN	NN	10	3	2	746	216.53333333333333	224.93254297430795	1	3557.0000000000005	人	150.73333333333332	47.66666666666666	122.9040095178166	105.1916768993103
4	3961	291	费	v	VERB	v	VERB	VV	9	9	1	227	259.1333333333333	338.37924811600897	1	54.99999999999999	费	121.66666666666669	66.66666666666667	118.00828596143388	111.63133769491232
5	3962	291	了	u	PART	ul	PART		8	1	2	27	245.46666666666667	191.1927009299489	1	13624.0	了	130.0	91.13333333333334	98.81632793555256	139.8255420952203
6	3963	291	好	a	ADJ	a	ADJ		7	2	3	253	303.3333333333333	332.38244371339607	1	1325.0	好	120.53333333333332	71.46666666666667	75.99461969259549	111.66907460090384
7	3964	291	多	a	ADJ	m	ADJ		6	1	3	555	188.53333333333333	220.58070833345536	1	1890.0	多	124.26666666666668	64.26666666666667	129.06766528539293	115.59669353210566
8	3965	291	脑筋，	n	NOUN	n	NOUN	NN	5	4	2	93	307.7333333333333	316.33768174039733	2	10.0	脑筋	146.2	88.46666666666667	127.28037293052428	137.43695120147112
9	3966	291	为	p	ADP	p	ADP	IN	2	2	1	109	49.6	110.8493271668048	1	3062.0000000000005	为	34.733333333333334	14.866666666666667	76.61372084830641	41.38416229536233
10	3967	291	了	u	PART	ul	PART		1	1	1	27	301.8	433.2788478566661	1	13624.0	了	150.0	75.06666666666666	89.01685233707154	148.89211605126116
11	3968	291	弄	v	VERB	v	VERB	VV	0	0	0	64	222.6	433.8046872345511	1	102.0	弄	114.33333333333331	43.0	146.11715238883568	92.17447224331328
12	3969	291	明白	a	ADJ	nr	ADJ		1	1	1	1431	316.4	254.45596868613632	2	155.0	明白	137.13333333333333	106.06666666666666	87.85204734223456	127.00890607442544
13	3970	291	这	r	PRON	r	PRON		2	2	2	60	183.7333333333333	230.6600577087897	1	6817.0	这	104.6	56.333333333333336	102.66956705859825	117.13449060327572
14	3971	291	个	q	DET	q	DET		3	1	2	99	95.53333333333332	204.51368875674044	1	3297.9999999999995	个	75.0	20.53333333333333	134.84212991494906	76.82869834175825
15	3972	291	问题。	n	NOUN	n	NOUN	NN	4	4	1	103	214.7333333333333	160.36935146370357	2	1140.9999999999998	问题	146.53333333333333	68.2	107.68649972128458	84.56886740008602
16	3973	292	其实，	d	ADV	d	ADV	RB	23	13	2	346	341.1333333333333	335.47337036227214	2	136.0	其实	165.0	81.6	118.61815487802306	119.23690703804756
17	3974	292	小王子	n	NOUN	nr	NOUN		20	10	2	3047	150.7	167.09316762413314	3	0.0	小王子	119.36666666666666	15.866666666666667	97.1367535430791	59.3676305368132
18	3975	292	住	v	VERB	v	VERB	VV	19	9	2	67	189.46666666666667	137.00796408319562	1	249.0	住	181.8	7.666666666666667	124.21980518419758	28.68603996526688
19	3976	292	的	u	PART	uj	PART		18	1	3	13	91.73333333333332	121.00824581637218	1	77946.0	的	79.26666666666667	10.533333333333331	104.98854964021344	31.870292680732565
20	3977	292	星球，	n	NOUN	n	NOUN	NN	17	2	3	377	148.26666666666668	155.50239726626583	2	13.0	星球	104.46666666666668	28.6	99.97124030884528	52.24149053514202
21	3978	292	和	p	ADP	c	ADP	IN	14	3	3	191	44.46666666666667	96.70426854878517	1	8786.0	和	28.266666666666666	16.2	48.79954462446914	60.61484966573786
22	3979	292	所有	a	ADJ	b	ADJ		13	2	3	553	267.8666666666667	169.38550377434572	2	245.0	所有	170.93333333333334	76.8	115.3929325777315	95.17646767977892
23	3980	292	其他	r	PRON	r	PRON		12	1	3	102	121.53333333333332	187.08210912739776	2	436.0	其他	110.2	11.333333333333334	170.59706914246797	42.40545038343801
24	3981	292	星球	n	NOUN	n	NOUN	NN	11	1	2	377	166.73333333333332	195.7884799698105	2	13.0	星球	125.6	12.666666666666666	95.39937106710924	47.39432689913659
25	3982	292	一样，	a	ADJ	r	ADJ	JJ	10	10	1	1506	146.86666666666667	208.5684113719578	2	552.0	一样	69.33333333333333	61.4	76.250173041698	131.2746738712384
26	3983	292	有	v	VERB	v	VERB	VV	7	7	1	482	49.4	95.93039143045335	1	5604.000000000001	有	47.266666666666666	2.1333333333333333	93.8015399068101	7.982202425117743
27	3984	292	好	a	ADJ	a	ADJ		6	2	3	253	108.8	130.45520303920424	1	1325.0	好	108.8	0.0	130.45520303920424	0.0
28	3985	292	的	u	PART	uj	PART		5	1	3	13	101.33333333333331	123.835195140782	1	77946.0	的	82.46666666666667	18.866666666666667	89.29641027997087	51.13233375815694
29	3986	292	植物，	n	NOUN	n	NOUN	NN	4	3	2	228	240.7333333333333	249.2154266671485	2	212.0	植物	150.73333333333332	64.0	124.15606666163714	100.56175548719636
30	3987	292	也	d	ADV	d	ADV	RB	1	1	1	10	73.53333333333333	80.53807933035294	1	5013.0	也	73.53333333333333	0.0	80.53807933035294	0.0
31	3988	292	有	v	VERB	v	VERB	VV	0	0	0	482	84.73333333333333	167.43056935803435	1	5604.000000000001	有	52.53333333333333	32.2	97.53622688804174	82.28908392571479
32	3989	292	不	d	ADV	d	ADV	RB	1	1	3	1105	29.53333333333333	75.59794235882939	1	4915.0	不	29.53333333333333	0.0	75.59794235882939	0.0
33	3990	292	好	a	ADJ	a	ADJ		2	2	2	253	43.266666666666666	76.73110335595483	1	1325.0	好	43.266666666666666	0.0	76.73110335595483	0.0
34	3991	292	的	u	PART	uj	PART		3	1	3	13	76.73333333333333	124.76936946043912	1	77946.0	的	54.53333333333333	22.2	86.53775027248064	53.33941631976613
35	3992	292	植物。	n	NOUN	n	NOUN	NN	4	4	1	228	160.13333333333333	155.61142488762047	2	212.0	植物	139.46666666666667	20.666666666666668	130.6648979472129	53.47481234708127
36	3993	293	因此，	c	CCONJ	c	CCONJ		5	5	1	159	211.2	216.0889323095162	2	776.0	因此	109.46666666666668	52.46666666666667	102.73387410629898	101.5039353369557
37	3994	293	好	a	ADJ	a	ADJ		2	1	2	253	152.86666666666667	150.8870953910756	1	1325.0	好	125.26666666666668	27.6	115.80412581404669	72.6056012531632
38	3995	293	种子	n	NOUN	n	NOUN	NN	1	1	1	298	456.4666666666666	386.7041705949854	2	88.00000000000001	种子	138.53333333333333	128.13333333333333	96.26135719430144	103.74254457817946
39	3996	293	长	v	VERB	a	VERB	VV	0	0	0	805	151.93333333333334	161.85897840060923	1	597.0	长	117.26666666666668	19.0	117.75084807432268	42.82522621072771
40	3997	293	好	a	ADJ	a	ADJ		1	1	2	253	267.2	283.7403037990902	1	1325.0	好	173.2	74.46666666666667	147.90095785130444	109.8052012530473
41	3998	293	植物，	n	NOUN	n	NOUN	NN	2	2	1	228	257.46666666666664	235.1189391681486	2	212.0	植物	157.6	47.4	90.72728365822488	97.22057395428192
42	3999	293	坏	a	ADJ	a	ADJ		3	1	3	26	93.13333333333334	177.93851622275474	1	82.0	坏	66.0	24.8	113.90054140930734	64.16977481649752
43	4000	293	种子	n	NOUN	n	NOUN	NN	4	1	2	298	268.1333333333333	226.6312325244593	2	88.00000000000001	种子	166.8	70.73333333333333	86.79339452592768	92.5638278282733
44	4001	293	长	v	VERB	a	VERB	VV	5	5	1	805	220.8	203.8601481408272	1	597.0	长	191.3333333333333	29.466666666666665	184.4702927001768	76.53222995720314
45	4002	293	坏	a	ADJ	a	ADJ		6	1	3	26	159.0	160.7436883156951	1	82.0	坏	132.6	26.4	117.87778982205823	98.77975501083203
46	4003	293	植物。​	n	NOUN	n	NOUN	NN	7	2	2	228	65.13333333333334	180.1802307567497	2	212.0	植物	35.266666666666666	29.866666666666667	90.69249632074798	111.75083395164836
47	4004	294	但是，	c	CCONJ	c	CCONJ		4	4	1	37	192.3333333333333	184.2681620778684	2	803.0	但是	118.73333333333332	58.06666666666667	83.07704590051065	99.19372740025226
48	4005	294	种子	n	NOUN	n	NOUN	NN	1	1	1	298	327.6	262.4278440511474	2	88.00000000000001	种子	183.9333333333333	59.6	90.9303518572808	104.81463002208552
49	4006	294	是	vl	VERB	v	VERB		0	0	0	29	207.6	184.62603644484523	1	12403.0	是	115.86666666666666	80.33333333333333	106.03324426277304	96.95199270200118
50	4007	294	看	v	VERB	v	VERB	VV	1	1	1	118	73.2	117.14048545798902	1	1439.9999999999998	看	67.26666666666667	5.933333333333334	104.37654057412624	22.20050049485872
51	4008	294	不	d	ADV	d	ADV	RB	2	1	3	1105	118.0	134.25746410038687	1	4915.0	不	113.33333333333331	4.666666666666667	125.29148237432406	17.461067804945053
52	4009	294	见	v	VERB	v	VERB	VV	3	2	2	134	87.4	103.33815042535517	1	505.0	见	82.06666666666666	5.333333333333333	98.0268443959216	19.95550606279436
53	4010	294	的。	u	PART	uj	PART		4	4	1	13	58.0	78.7172153979039	1	77946.0	的	49.93333333333333	8.066666666666666	63.57721464661866	30.18270291997646
54	4011	295	它们	r	PRON	r	PRON		9	9	1	4	158.86666666666667	169.2792039468785	2	589.9999999999999	它们	106.46666666666668	38.06666666666667	95.68132291913378	76.97745701755086
55	4012	295	秘密地	n	NOUN	-	ADV		8	1	2	720	515.5333333333333	315.14311387403376	3	0.0	秘密地	233.2	165.8	97.3832292200938	158.61660274595047
56	4013	295	睡	v	VERB	v	VERB	VV	7	7	1	33	108.2	105.42940766218882	1	116.0	睡	100.53333333333332	7.666666666666667	100.04656693538044	28.68603996526688
57	4014	295	在	p	ADP	p	ADP		6	1	3	175	64.2	195.4434956707437	1	12434.0	在	29.0	15.6	74.66458330426816	58.36985523367349
58	4015	295	土壤	n	NOUN	n	NOUN	NN	5	2	2	297	82.06666666666666	114.73823348048472	2	110.0	土壤	65.2	16.866666666666667	93.59216491423486	49.93177567663924
59	4016	295	里，	nd	NOUN	f	NOUN		4	1	3	334	70.6	110.72416177149412	1	1968.0	里	55.0	15.6	82.18840145259752	40.372928223418896
60	4017	295	直到	v	VERB	v	VERB		1	1	1	277	183.86666666666667	138.75295392251013	2	111.0	直到	157.26666666666668	26.6	123.22470892190776	54.50113148672543
61	4018	295	有	v	VERB	v	VERB	VV	0	0	0	482	27.066666666666663	69.25360800869672	1	5604.000000000001	有	27.066666666666663	0.0	69.25360800869672	0.0
62	4019	295	一	m	NUM	m	NUM	CD	1	1	2	1473	8.6	32.17825352625589	1	8489.0	一	8.6	0.0	32.17825352625589	0.0
63	4020	295	天，	nt	NOUN	q	NOUN	NNB	2	2	1	1089	90.4	137.4616552594456	1	670.0	天	76.8	13.6	113.10184201270404	50.8865404601256
64	4021	295	某	r	PRON	r	PRON		3	3	3	28	68.46666666666667	105.5347441472344	1	219.0	某	68.46666666666667	0.0	105.5347441472344	0.0
65	4022	295	一	m	NUM	m	NUM	CD	4	2	3	1473	123.06666666666666	182.04338921135133	1	8489.0	一	74.6	48.46666666666667	76.76092756083658	127.36031127823487
66	4023	295	颗	q	DET	m	DET		5	1	3	8	132.6	136.41593259831004	1	104.0	颗	95.8	36.8	103.34808496855015	75.85442197613355
67	4024	295	种子	n	NOUN	n	NOUN	NN	6	2	2	298	359.0	296.4609024250359	2	88.00000000000001	种子	172.73333333333332	75.33333333333333	108.4241465521198	105.79392967252684
68	4025	295	突然	d	ADV	ad	ADV	RB	7	1	2	82	196.06666666666663	279.75428901488215	2	217.00000000000003	突然	117.93333333333334	42.4	129.08109423493778	78.6382434527459
69	4026	295	醒	v	VERB	v	VERB		8	8	1	22	86.8	189.48744901268088	1	33.0	醒	46.53333333333333	38.13333333333333	96.55800789623248	102.16709624705771
70	4027	295	来。	vd	VERB	v	VERB		9	1	2	144	105.73333333333332	100.4566020174328	1	2934.0	来	100.2	5.533333333333333	95.45553938876466	20.70383754014914
71	4028	296	它	r	PRON	r	PRON	PRP	6	13	2	3	19.666666666666668	50.18056285942684	1	2202.0	它	19.666666666666668	0.0	50.18056285942684	0.0
72	4029	296	向	p	ADP	p	ADP		5	2	2	95	68.4	136.99479308839926	1	1215.0	向	48.66666666666666	9.2	89.52218843517078	34.42324795832026
73	4030	296	着	u	AUX	uz	AUX	AS	4	1	2	49	194.86666666666667	286.58538382517384	1	4303.0	着	132.06666666666666	23.933333333333334	133.64403798482329	65.0194500814094
74	4031	296	太阳，	n	NOUN	ns	NOUN	NN	3	3	1	602	275.1333333333333	323.6705869999449	2	169.0	太阳	137.13333333333333	58.6	116.36715840629414	128.59538612770416
75	4032	296	探	v	VERB	v	VERB	VV	0	0	0	103	28.133333333333333	72.17466468382256	1	15.0	探	28.133333333333333	0.0	72.17466468382256	0.0
76	4033	296	出	vd	VERB	v	VERB	VV	1	1	1	475	96.8	100.07410587492984	1	804.0	出	91.33333333333331	5.466666666666667	93.93520225252205	20.45439371436421
77	4034	296	头	n	NOUN	n	NOUN	NN	2	1	2	181	94.33333333333331	118.1973866979394	1	443.0	头	94.33333333333331	0.0	118.1973866979394	0.0
78	4035	296	来，	vd	VERB	v	VERB		3	3	1	144	63.2	106.4394663646901	1	2934.0	来	39.6	23.6	75.20265952743961	61.292522654344495
79	4036	296	怯生生地	a	ADJ	-	ADV		4	1	2	1770	129.93333333333334	138.5835327719551	4	0.0	怯生生地	103.0	33.2	110.9702662878665	66.9588928622131
80	4037	296	吐	v	VERB	v	VERB	VV	5	5	1	59	121.13333333333334	166.34376720781844	1	32.0	吐	87.0	34.13333333333333	121.10436270699196	93.68234744188588
81	4038	296	出	vd	VERB	v	VERB	VV	6	1	2	475	86.06666666666666	93.76457516330758	1	804.0	出	86.06666666666666	0.0	93.76457516330758	0.0
82	4039	296	一	m	NUM	m	NUM	CD	7	5	3	1473	120.26666666666668	210.1892692048976	1	8489.0	一	65.8	14.266666666666667	84.75549146417201	45.09466585849027
83	4040	296	枚	q	DET	m	DET		8	1	4	5	84.33333333333333	110.26614268315647	1	33.0	枚	77.93333333333334	6.4	103.38437449096884	23.94660727535322
84	4041	296	动人的	a	ADJ	n	ADJ	JJ	9	3	3	969	269.93333333333334	267.7753951023548	3	0.0	动人的	138.8	51.53333333333333	88.57855270888095	70.61243201841695
85	4042	296	嫩	a	ADJ	a	ADJ		11	1	3	21	85.0	195.3762182730198	1	14.0	嫩	50.6	18.53333333333333	86.44828897477768	69.34538356821038
86	4043	296	芽。	n	NOUN	n	NOUN		12	7	2	13	140.13333333333333	209.7598203236793	1	37.00000000000001	芽	84.13333333333334	38.0	97.91756169803703	78.51878756068511
87	4044	297	如果	c	CCONJ	c	CCONJ		1	1	1	364	238.8	253.19720904201665	2	772.0	如果	123.86666666666666	63.266666666666666	92.60803900790086	95.005590478783
88	4045	297	是	vl	VERB	v	VERB		0	0	0	29	181.86666666666667	202.93081470184748	1	12403.0	是	128.93333333333334	36.266666666666666	114.12535018809606	68.08276009550599
89	4046	297	萝卜	n	NOUN	n	NOUN	NN	1	5	2	51	481.4	407.7910903064623	2	9.0	萝卜	213.86666666666667	104.53333333333332	68.12230830564161	108.36350349120728
90	4047	297	或者	c	CCONJ	c	CCONJ	CC	2	1	4	20	206.7333333333333	236.7923046797669	2	233.00000000000003	或者	114.8	57.266666666666666	108.00938230851366	96.25761730319785
91	4048	297	玫瑰	n	NOUN	n	NOUN	NN	3	2	3	26	555.3333333333334	581.6763896035511	2	5.999999999999999	玫瑰	252.46666666666667	115.73333333333332	173.7369147750574	128.31547927752996
92	4049	297	的	u	PART	uj	PART		4	2	2	13	60.0	92.12817158719692	1	77946.0	的	60.0	0.0	92.12817158719692	0.0
93	4050	297	嫩芽，	a	ADJ	a	ADJ		5	1	2	21	78.43333333333334	105.3747070643088	2	0.0	嫩芽	66.33333333333333	17.0	88.62480214677805	43.92265930018355
94	4051	297	我们	r	PRON	r	PRON		7	1	2	80	137.13333333333333	164.4914857641236	2	2807.0	我们	108.73333333333332	28.4	117.511115313498	72.81098818172983
95	4052	297	可以	vu	AUX	c	AUX		8	8	1	656	452.6	244.5144303853388	2	1751.0	可以	216.0	169.93333333333334	71.968511632982	152.86572175896364
96	4053	297	让	p	ADP	v	ADP		9	1	4	30	181.13333333333333	236.0347055460748	1	616.9999999999999	让	152.33333333333334	11.733333333333333	163.88112222651583	30.23346196224016
97	4054	297	它	r	PRON	r	PRON	PRP	10	1	3	3	150.53333333333333	168.3618589691726	1	2202.0	它	122.4	28.133333333333333	128.32448454341568	74.1969151799603
98	4055	297	爱	v	VERB	v	VERB	VV	11	5	2	306	184.8	154.97578305442866	1	198.00000000000003	爱	146.93333333333334	37.86666666666667	97.17027437556315	104.84646976518675
99	4056	297	怎么	r	PRON	r	PRON		12	1	4	13	277.26666666666665	208.55134193340072	2	449.0	怎么	163.8	97.0	90.74961891563696	136.4414404301958
100	4057	297	长	a	ADJ	a	ADJ		13	2	3	805	111.46666666666668	129.0978268170649	1	597.0	长	90.93333333333334	20.53333333333333	85.50591922330419	76.82869834175825
101	4058	297	就	d	ADV	d	ADV	RB	14	2	2	84	216.53333333333333	163.0169180041003	1	4703.0	就	198.06666666666663	16.133333333333333	144.96227861834342	46.775872222997855
102	4059	297	怎么	r	PRON	r	PRON		15	1	2	13	97.86666666666666	126.03272943521014	2	449.0	怎么	84.33333333333333	13.533333333333331	116.38594798724154	50.63709663434067
103	4060	297	长。​	a	ADJ	a	ADJ		16	16	1	805	53.86666666666667	114.26802799655825	1	597.0	长	41.86666666666667	12.0	84.699363765156	44.8998886412873
104	4061	298	但是，	c	CCONJ	c	CCONJ		4	4	1	37	158.06666666666666	159.3187441019487	2	803.0	但是	125.26666666666668	32.8	138.80176111594872	48.1029451627791
105	4062	298	如果	c	CCONJ	c	CCONJ		1	1	1	364	176.13333333333333	110.12953988624284	2	772.0	如果	153.33333333333334	22.8	96.02893082584828	58.369169944415
106	4063	298	是	vl	VERB	v	VERB		0	0	0	29	68.6	118.5112090338575	1	12403.0	是	56.53333333333333	12.066666666666666	94.12677030945494	33.97737809517125
107	4064	298	不	d	ADV	d	ADV	RB	1	1	3	1105	159.73333333333332	137.63791467308545	1	4915.0	不	115.86666666666666	43.86666666666667	87.65452387387404	87.15722702233144
108	4065	298	好	a	ADJ	a	ADJ		2	2	2	253	113.66666666666669	169.51014391147476	1	1325.0	好	77.46666666666667	36.2	116.50285642659392	77.47705036546844
109	4066	298	的	u	PART	uj	PART		3	1	3	13	32.6	57.82709860725622	1	77946.0	的	32.6	0.0	57.82709860725622	0.0
110	4067	298	植物，	n	NOUN	n	NOUN	NN	4	4	1	228	79.26666666666667	105.20042247485934	2	212.0	植物	66.06666666666666	13.2	78.74470705316573	49.38987750541602
111	4068	298	我们	r	PRON	r	PRON		5	2	3	80	40.93333333333333	104.48506538682402	2	2807.0	我们	29.53333333333333	11.4	79.69346829501706	42.65489420922293
112	4069	298	一旦	m	NUM	m	NUM	CD	6	1	3	1473	94.8	117.29745663625164	2	69.0	一旦	85.33333333333333	9.466666666666669	96.29514814130334	35.42102326145998
113	4070	298	发现	v	VERB	v	VERB	VV	8	6	2	725	135.93333333333334	141.40177588072302	2	504.0	发现	129.13333333333333	6.8	133.81821832454486	25.4432702300628
114	4071	298	辨认	v	VERB	v	VERB	VV	9	1	3	102	128.33333333333334	105.06802029584875	2	13.0	辨认	115.6	12.733333333333333	100.28944776661864	47.6437707249215
115	4072	298	出来，	vd	VERB	v	VERB	VV	10	1	4	619	60.0	68.46215499578338	2	688.0	出来	57.13333333333333	2.8666666666666667	63.8726510766193	10.726084508751969
116	4073	298	就	d	ADV	d	ADV	RB	11	1	2	84	38.2	49.20596169842295	1	4703.0	就	38.2	0.0	49.20596169842295	0.0
117	4074	298	得	vu	AUX	ud	AUX		12	12	1	148	19.266666666666666	41.86401265473194	1	1957.0	得	19.266666666666666	0.0	41.86401265473194	0.0
118	4075	298	立即	d	ADV	d	ADV	RB	13	3	3	282	37.0	78.48057084399935	2	134.0	立即	37.0	0.0	78.48057084399935	0.0
119	4076	298	把	p	ADP	p	ADP	BB	14	1	4	41	61.93333333333333	105.14717727494585	1	3113.0000000000005	把	61.93333333333333	0.0	105.14717727494585	0.0
120	4077	298	它	r	PRON	r	PRON	PRP	15	1	3	3	99.2	118.6576026500901	1	2202.0	它	99.2	0.0	118.6576026500901	0.0
121	4078	298	拔掉。	v	VERB	v	VERB	VV	16	4	2	104	87.33333333333333	101.3868279851426	2	0.0	拔掉	80.26666666666667	7.066666666666666	98.9029602972305	26.44104553320252
122	4079	299	在	p	ADP	p	ADP		11	2	2	175	24.73333333333333	64.45098051146228	1	12434.0	在	24.73333333333333	0.0	64.45098051146228	0.0
123	4080	299	小王子	n	NOUN	nr	NOUN		10	1	2	3047	188.3333333333333	155.95027697599284	3	0.0	小王子	159.0	12.266666666666667	96.3445206883436	45.89766394442701
124	4081	299	住	v	VERB	v	VERB	VV	9	9	1	67	64.4	93.8479621515566	1	249.0	住	64.4	0.0	93.8479621515566	0.0
125	4082	299	的	u	PART	uj	PART		8	1	2	13	101.53333333333332	87.5776734612703	1	77946.0	的	101.53333333333332	0.0	87.5776734612703	0.0
126	4083	299	那	r	PRON	r	PRON		7	2	3	106	25.2	94.28976614670331	1	1800.0	那	25.2	0.0	94.28976614670331	0.0
127	4084	299	颗	q	DET	m	DET		6	1	3	8	31.6	63.66977304812701	1	104.0	颗	31.6	0.0	63.66977304812701	0.0
128	4085	299	星球	n	NOUN	n	NOUN	NN	5	4	2	377	120.86666666666666	83.99989417982754	2	13.0	星球	120.86666666666666	0.0	83.99989417982754	0.0
129	4086	299	上，	nd	NOUN	f	NOUN		4	1	3	940	75.66666666666667	200.9751781246188	1	3985.0	上	36.266666666666666	17.066666666666666	70.48259044299915	63.85761940094194
130	4087	299	就	d	ADV	d	ADV	RB	1	1	1	84	48.86666666666667	89.44634642560247	1	4703.0	就	48.86666666666667	0.0	89.44634642560247	0.0
131	4088	299	有	v	VERB	v	VERB	VV	0	0	0	482	70.8	127.13887420192668	1	5604.000000000001	有	52.86666666666667	17.933333333333334	88.57754919968276	55.15851903579557
132	4089	299	一些	m	NUM	m	NUM		1	5	2	1479	204.66666666666663	211.18228040144743	2	740.0	一些	114.6	57.46666666666667	104.09341958068242	88.90584282761674
133	4090	299	可怕	a	ADJ	c	ADJ	JJ	2	4	2	311	38.2	69.38126548283766	2	37.00000000000001	可怕	38.2	0.0	69.38126548283766	0.0
134	4091	299	的	u	PART	uj	PART		3	1	3	13	0.0	0.0	1	77946.0	的	0.0	0.0	0.0	0.0
135	4092	299	种子……	n	NOUN	n	NOUN	NN	4	2	2	298	220.4	180.5701341122981	2	88.00000000000001	种子	167.33333333333334	39.2	107.37204270924325	99.9574576173951
136	4093	299	就	d	ADV	d	ADV	RB	1	1	1	84	0.0	0.0	1	4703.0	就	0.0	0.0	0.0	0.0
137	4094	299	是	vl	VERB	v	VERB		0	0	0	29	63.93333333333333	93.32985707811956	1	12403.0	是	63.93333333333333	0.0	93.32985707811956	0.0
138	4095	299	猴面包树	n	NOUN	n	NOUN		1	2	2	597	461.3333333333333	325.935508276646	4	0.0	猴面包树	233.3333333333333	135.53333333333333	124.8629470882197	135.50885169939596
139	4096	299	的	u	PART	uj	PART		2	1	2	13	101.86666666666666	146.16012528122104	1	77946.0	的	78.6	23.266666666666666	110.58860700813624	87.05589519894038
140	4097	299	种子。	n	NOUN	n	NOUN	NN	3	3	1	298	55.0	81.25597413934149	2	88.00000000000001	种子	55.0	0.0	81.25597413934149	0.0
141	4098	300	它	r	PRON	r	PRON	PRP	1	1	1	3	52.333333333333336	113.90034630715084	1	2202.0	它	52.333333333333336	0.0	113.90034630715084	0.0
142	4099	300	危害	v	VERB	n	VERB		0	0	0	92	178.4	154.39507764174348	2	44.00000000000001	危害	133.53333333333333	34.93333333333333	102.54811336906964	90.13727802018924
143	4100	300	到	v	VERB	v	VERB	VV	1	1	1	45	102.73333333333332	137.65050752620644	1	2275.0	到	80.26666666666667	22.466666666666665	101.71952724144084	57.490714226057605
144	4101	300	星球	n	NOUN	n	NOUN	NN	2	3	2	377	305.8666666666667	423.6430677927928	2	13.0	星球	204.2	52.0	202.12807820785315	104.48285345771652
145	4102	300	上	nd	NOUN	f	NOUN		3	1	3	940	116.06666666666666	210.12741108405845	1	3985.0	上	76.93333333333334	39.13333333333333	133.17380456464485	110.5663400658426
146	4103	300	的	u	PART	uj	PART		4	1	2	13	55.86666666666667	95.4196811750886	1	77946.0	的	55.86666666666667	0.0	95.4196811750886	0.0
147	4104	300	土壤	n	NOUN	n	NOUN	NN	5	5	1	297	106.06666666666666	194.6465058053245	2	110.0	土壤	54.8	15.4	78.36342684356437	41.46291515720202
148	4105	300	了。​	u	PART	ul	PART		6	6	1	27	24.133333333333333	65.8167827297027	1	13624.0	了	24.133333333333333	0.0	65.8167827297027	0.0
149	4106	301	一	m	NUM	m	NUM	CD	0	0	0	1473	0.0	0.0	1	8489.0	一	0.0	0.0	0.0	0.0
150	4107	301	棵	q	DET	q	DET		1	1	2	4	44.333333333333336	101.39274574094976	1	67.0	棵	33.0	11.333333333333334	68.20263924512012	42.40545038343801
151	4108	301	猴面包树，	n	NOUN	n	NOUN		2	2	1	597	339.0	162.32600941726292	4	0.0	猴面包树	173.33333333333334	112.0	61.47700563806131	82.13971836653285
152	4109	301	如果	c	CCONJ	c	CCONJ		3	4	3	364	67.13333333333334	117.56522539519167	2	772.0	如果	53.333333333333336	13.8	83.76050514545756	42.33863483864353
153	4110	301	我们	r	PRON	r	PRON		4	3	3	80	160.66666666666666	133.98640063661517	2	2807.0	我们	129.93333333333334	30.73333333333333	88.99098581067385	83.55953300225868
154	4111	301	动手	v	VERB	n	VERB	VV	5	2	3	531	186.6	146.0373468215123	2	39.0	动手	166.8	19.8	125.40398717744183	52.11807108223916
155	4112	301	太	d	ADV	d	ADV		6	1	3	402	46.86666666666667	106.31328964694656	1	307.00000000000006	太	46.86666666666667	0.0	106.31328964694656	0.0
156	4113	301	晩，	v	VERB	zg	VERB		7	4	2	0	30.0	64.37805008955563	1	0.0	晩	30.0	0.0	64.37805008955563	0.0
157	4114	301	就	d	ADV	d	ADV	RB	8	1	2	84	0.0	0.0	1	4703.0	就	0.0	0.0	0.0	0.0
158	4115	301	会	vu	AUX	v	AUX		9	9	1	209	64.93333333333334	104.72406069709524	1	1360.0	会	64.93333333333334	0.0	104.72406069709524	0.0
159	4116	301	永远	d	ADV	d	ADV	RB	10	1	3	545	146.06666666666666	132.44695374207578	2	96.0	永远	118.06666666666666	28.0	97.72441978452582	65.11630620154473
160	4117	301	摆脱	v	VERB	v	VERB	VV	11	2	2	181	137.6	123.5830624856551	2	47.00000000000001	摆脱	128.0	9.6	113.10231356313332	35.91991091302984
161	4118	301	不	d	ADV	d	ADV	RB	12	1	4	1105	49.66666666666666	113.80080062206164	1	4915.0	不	45.53333333333333	4.133333333333334	100.55768935734794	15.465517198665626
162	4119	301	掉	v	VERB	zg	VERB		13	2	3	23	0.0	0.0	1	89.99999999999999	掉	0.0	0.0	0.0	0.0
163	4120	301	它。	r	PRON	r	PRON	PRP	14	1	4	3	39.46666666666667	79.83221293577063	1	2202.0	它	39.46666666666667	0.0	79.83221293577063	0.0
164	4121	302	它	r	PRON	r	PRON	PRP	2	2	1	3	35.13333333333333	72.08408670126546	1	2202.0	它	35.13333333333333	0.0	72.08408670126546	0.0
165	4122	302	会	vu	AUX	v	AUX		1	1	1	209	89.0	174.9300812705846	1	1360.0	会	65.2	23.8	110.27372004849266	89.0514458052198
166	4123	302	长	v	VERB	a	VERB	VV	0	0	0	805	85.93333333333334	231.35671351592305	1	597.0	长	85.93333333333334	0.0	231.35671351592305	0.0
167	4124	302	满	a	ADJ	a	ADJ		1	1	1	168	109.0	116.32425943599785	1	105.0	满	100.13333333333334	8.866666666666667	107.78365161542617	33.17602882939561
168	4125	302	整	v	VERB	v	VERB		2	2	1	121	122.06666666666666	176.4174846461906	1	50.0	整	91.33333333333331	21.466666666666665	108.82871353135114	64.40897107977703
169	4126	302	个	q	DET	q	DET		3	1	3	99	71.66666666666667	104.410514583329	1	3297.9999999999995	个	71.66666666666667	0.0	104.410514583329	0.0
170	4127	302	星球。	n	NOUN	n	NOUN	NN	4	2	2	377	27.866666666666667	59.84297972379235	2	13.0	星球	27.866666666666667	0.0	59.84297972379235	0.0
171	4128	303	它	r	PRON	r	PRON	PRP	6	6	1	3	21.33333333333333	56.51037269583543	1	2202.0	它	21.33333333333333	0.0	56.51037269583543	0.0
172	4129	303	的	u	PART	uj	PART		5	5	1	13	47.46666666666667	100.96129071194676	1	77946.0	的	45.0	2.466666666666667	96.96666093732078	9.229421554042387
173	4130	303	根须	n	NOUN	n	NOUN	NN	4	4	1	121	230.86666666666667	303.159994429051	2	0.0	根须	153.86666666666667	77.0	195.4365597550492	135.3371099637248
174	4131	303	会	vu	AUX	v	AUX		3	3	1	209	95.66666666666669	176.38430265253828	1	1360.0	会	65.2	11.266666666666667	108.29478288449543	29.0848566936282
175	4132	303	把	p	ADP	p	ADP	BB	2	1	2	41	60.4	104.83370959126968	1	3113.0000000000005	把	49.0	11.4	82.59701366675836	42.65489420922293
176	4133	303	星球	n	NOUN	n	NOUN	NN	1	1	1	377	181.0	140.99787232437234	2	13.0	星球	151.53333333333333	15.4	100.12383443627309	41.58172675587198
177	4134	303	扎穿。	v	VERB	v	VERB	VV	0	0	0	196	109.8	119.1655431182465	2	0.0	扎穿	92.93333333333334	11.333333333333334	85.32640596881808	42.405450383438
178	4135	304	那	r	PRON	r	PRON		5	2	2	106	55.53333333333333	102.74036315987122	1	1800.0	那	35.2	20.33333333333333	63.3237185684269	52.73539818966216
179	4136	304	颗	q	DET	m	DET		4	1	2	8	58.4	103.93831503989918	1	104.0	颗	48.266666666666666	10.133333333333333	80.70561043419195	37.91546151930927
180	4137	304	星球	n	NOUN	n	NOUN	NN	3	3	1	377	58.46666666666667	82.97137391226501	2	13.0	星球	58.46666666666667	0.0	82.97137391226501	0.0
181	4138	304	本来	d	ADV	t	ADV	RB	2	2	1	428	166.13333333333333	188.693001695582	2	120.0	本来	112.13333333333334	39.266666666666666	132.17204276581674	68.7715703535181
182	4139	304	就	d	ADV	d	ADV	RB	1	1	1	84	42.333333333333336	71.81240994579017	1	4703.0	就	42.333333333333336	0.0	71.81240994579017	0.0
183	4140	304	小，	a	ADJ	a	ADJ		0	0	0	1323	111.93333333333334	176.24735143794044	1	1517.9999999999998	小	71.13333333333334	40.8	102.23624058468155	91.24341072099398
184	4141	304	如果	c	CCONJ	c	CCONJ		1	3	2	364	67.06666666666666	103.02780638686282	2	772.0	如果	53.93333333333333	13.133333333333333	70.10607835432118	49.14043367963111
185	4142	304	猴面包树	n	NOUN	n	NOUN		2	2	2	597	490.3333333333333	297.60906497543976	4	0.0	猴面包树	212.13333333333333	158.4	85.31656085166324	136.76880735996298
186	4143	304	太	d	ADV	d	ADV		3	1	2	402	98.33333333333331	143.09934389165528	1	307.00000000000006	太	85.93333333333334	12.4	131.31004869730606	32.08488740824876
187	4144	304	多，	a	ADJ	m	ADJ		4	4	1	555	67.6	128.7135320521247	1	1890.0	多	41.6	26.0	61.272941281885046	97.28309205612248
188	4145	304	它们	r	PRON	r	PRON		5	1	2	4	52.93333333333333	89.78230461634533	2	589.9999999999999	它们	52.93333333333333	0.0	89.78230461634533	0.0
189	4146	304	会	vu	AUX	v	AUX		6	6	1	209	100.4	143.21210377152715	1	1360.0	会	100.4	0.0	143.21210377152715	0.0
190	4147	304	把	p	ADP	p	ADP	BB	7	1	4	41	166.6	205.07032939945265	1	3113.0000000000005	把	104.2	62.4	108.34217399824811	135.6966224094518
191	4148	304	星球	n	NOUN	n	NOUN	NN	8	1	3	377	223.53333333333333	181.19303395979537	2	13.0	星球	183.3333333333333	40.2	133.2484729952113	82.8148134896972
192	4149	304	挤爆	v	VERB	v	VERB	VV	9	3	2	84	286.1333333333333	496.2770552378535	2	0.0	挤爆	119.8	89.93333333333334	118.52718394247512	202.1954390077965
193	4151	304	的。​	u	PART	uj	PART		10	4	2	13	12.266666666666667	45.897663944427	1	77946.0	的	12.266666666666667	0.0	45.897663944427	0.0
194	4152	305	某	r	PRON	r	PRON		6	2	2	28	17.933333333333334	45.750725555873856	1	219.0	某	17.933333333333334	0.0	45.750725555873856	0.0
195	4153	305	一	m	NUM	m	NUM	CD	5	1	2	1473	54.333333333333336	80.43188975082512	1	8489.0	一	54.333333333333336	0.0	80.43188975082512	0.0
196	4154	305	天，	nt	NOUN	q	NOUN	NNB	4	4	1	1089	86.8	106.04225572855378	1	670.0	天	75.4	11.4	88.27819662861266	42.65489420922293
197	4155	305	他	r	PRON	r	PRON	PRP	1	1	1	28	42.2	87.14294769706457	1	5536.999999999999	他	42.2	0.0	87.14294769706457	0.0
198	4156	305	让	p	ADP	v	ADP		0	0	0	30	80.53333333333333	120.4319263687536	1	616.9999999999999	让	80.53333333333333	0.0	120.4319263687536	0.0
199	4157	305	我	r	PRON	r	PRON	PRP	1	1	2	79	61.53333333333333	114.17697763657183	1	5517.999999999999	我	61.53333333333333	0.0	114.17697763657183	0.0
200	4158	305	尽力	v	VERB	d	VERB		2	2	1	182	180.46666666666667	202.72999010725792	2	17.0	尽力	105.73333333333332	17.466666666666665	89.93810217156143	36.90323683484809
201	4159	305	画	v	VERB	n	VERB	VV	3	1	2	134	45.8	76.27424204802037	1	169.0	画	45.8	0.0	76.27424204802037	0.0
202	4160	305	出	vd	VERB	v	VERB	VV	4	1	3	475	29.133333333333333	58.968767627919405	1	804.0	出	29.133333333333333	0.0	58.968767627919405	0.0
203	4161	305	一	m	NUM	m	NUM	CD	5	4	4	1473	23.73333333333333	49.836354423475065	1	8489.0	一	23.73333333333333	0.0	49.836354423475065	0.0
204	4162	305	幅	q	DET	n	DET		6	3	4	7	50.8	88.36756569390528	1	103.0	幅	50.8	0.0	88.36756569390528	0.0
205	4163	305	美丽	a	ADJ	ns	ADJ	JJ	7	2	4	879	139.2	109.12329418292563	2	85.0	美丽	131.33333333333334	7.866666666666666	99.41070811984436	29.43437144262167
206	4164	305	的	u	PART	uj	PART		8	1	5	13	56.53333333333333	139.76068434609533	1	77946.0	的	36.06666666666667	15.2	78.09435888006821	56.87319227896391
207	4165	305	画，	n	NOUN	n	NOUN		9	6	3	134	41.4	63.59958071140616	1	169.0	画	35.53333333333333	5.866666666666666	51.63185924299927	21.95105666907379
208	4166	305	好	a	ADJ	a	ADJ		10	8	2	253	38.73333333333333	80.1211305184566	1	1325.0	好	30.933333333333334	7.8	69.52262621302185	29.184927616836745
209	4167	305	让	p	ADP	v	ADP		11	2	4	30	80.33333333333333	142.97536695373634	1	616.9999999999999	让	65.73333333333333	14.6	112.78088884597818	54.62819784689956
210	4168	305	我	r	PRON	r	PRON	PRP	12	1	4	79	119.8	237.95999663809044	1	5517.999999999999	我	119.8	0.0	237.95999663809044	0.0
211	4169	305	家乡	n	NOUN	n	NOUN	NN	13	3	3	480	174.4	191.2505511974628	2	42.0	家乡	124.2	50.2	111.43380695881	109.62250377241588
212	4170	305	的	u	PART	uj	PART		14	1	4	13	43.2	74.40537614984552	1	77946.0	的	43.2	0.0	74.40537614984552	0.0
213	4171	305	孩子	n	NOUN	n	NOUN	NN	15	1	3	217	18.73333333333333	37.59160662819413	2	416.0	孩子	18.73333333333333	0.0	37.59160662819413	0.0
214	4172	305	们	k	PART	k	PART	SFN	16	2	2	1	18.666666666666668	47.60345458986027	1	763.0000000000001	们	18.666666666666668	0.0	47.60345458986027	0.0
215	4173	305	能	vu	AUX	v	AUX		17	1	2	96	63.6	120.956080183401	1	1507.9999999999998	能	63.6	0.0	120.956080183401	0.0
216	4174	305	记住	v	VERB	v	VERB	VV	18	18	1	165	198.13333333333333	189.0075365928271	2	24.0	记住	153.26666666666668	44.86666666666667	144.72109575164072	89.35984681176564
217	4175	305	这	r	PRON	r	PRON		19	2	3	60	106.93333333333334	109.00181445992337	1	6817.0	这	106.93333333333334	0.0	109.00181445992337	0.0
218	4176	305	件	q	DET	zg	DET		20	1	3	8	13.4	50.138208982770806	1	301.0	件	13.4	0.0	50.138208982770806	0.0
219	4177	305	事。	n	NOUN	n	NOUN	NN	21	3	2	148	80.4	137.443709689943	1	604.0	事	73.66666666666667	6.733333333333333	135.8934222919646	25.193826404277875
220	4178	306	“如果	c	CCONJ	c	CCONJ		1	1	1	364	127.8	161.1832083892943	2	772.0	如果	77.73333333333333	50.06666666666667	94.37970591652046	99.57407069893024
221	4179	306	有	v	VERB	v	VERB	VV	0	0	0	482	61.66666666666666	89.31790911619511	1	5604.000000000001	有	61.66666666666666	0.0	89.31790911619511	0.0
222	4180	306	一	m	NUM	m	NUM	CD	1	1	4	1473	69.73333333333333	93.62084288352791	1	8489.0	一	69.73333333333333	0.0	93.62084288352791	0.0
223	4181	306	天	nt	NOUN	q	NOUN	NNB	2	2	3	1089	47.266666666666666	84.62030226580119	1	670.0	天	39.333333333333336	7.933333333333334	61.33478259157323	29.6838152684066
224	4182	306	他们	r	PRON	r	PRON		3	1	3	29	223.4	154.50902886239368	2	1861.0	他们	161.13333333333333	45.66666666666666	126.64378740739274	67.11449586755127
225	4183	306	去	v	VERB	v	VERB	VV	4	9	2	73	81.53333333333333	101.43100555988238	1	1984.0	去	81.53333333333333	0.0	101.43100555988238	0.0
226	4184	306	旅行，	v	VERB	vn	VERB	VV	5	1	3	515	62.93333333333333	65.63481460999863	2	28.0	旅行	62.93333333333333	0.0	65.63481460999863	0.0
227	4185	306	那	r	PRON	r	PRON		6	5	2	106	33.0	73.63513654046778	1	1800.0	那	21.6	11.4	45.70309982193039	42.65489420922293
228	4186	306	对	p	ADP	p	ADP	IN	7	1	4	248	101.93333333333334	155.33038623813724	1	3237.0	对	101.93333333333334	0.0	155.33038623813724	0.0
229	4187	306	他们	r	PRON	r	PRON		8	1	3	29	71.13333333333334	93.27369523194749	2	1861.0	他们	60.2	10.933333333333334	79.97933066319906	40.90878742872843
230	4188	306	会	vu	AUX	v	AUX		9	2	2	209	23.266666666666666	61.314997259144434	1	1360.0	会	23.266666666666666	0.0	61.314997259144434	0.0
231	4189	306	很	d	ADV	zg	ADV	RB	10	1	2	10	56.86666666666667	105.7196712484904	1	1754.9999999999998	很	56.86666666666667	0.0	105.7196712484904	0.0
232	4190	306	有用。	a	ADJ	v	ADJ	JJ	11	11	1	641	191.7333333333333	199.9034655916589	2	31.0	有用	119.26666666666668	53.66666666666666	110.1141629804672	95.90875293156977
233	4191	306	有时候，	d	ADV	l	ADV		12	12	3	853	191.2	259.27596623417804	3	25.0	有时候	92.4	51.86666666666667	111.33600795190507	93.00814779123148
234	4192	306	把	p	ADP	p	ADP	BB	13	2	5	41	116.2	273.03289179144696	1	3113.0000000000005	把	43.66666666666666	34.0	88.67593936475791	90.47725312659162
235	4193	306	工作	n	NOUN	vn	NOUN	NN	14	1	5	739	167.2	200.48913520022307	2	1102.0000000000002	工作	116.66666666666669	32.53333333333333	101.38288262270356	83.4057285535925
236	4194	306	往后	nt	NOUN	t	NOUN		15	1	4	313	280.93333333333334	210.53375554105853	2	19.0	往后	196.86666666666667	74.13333333333334	99.1308002366346	155.5338619793845
237	4196	306	拖	v	VERB	v	VERB	VV	16	6	3	58	72.66666666666667	121.1850742551335	1	53.0	拖	57.73333333333333	14.933333333333334	86.91180715082515	55.87541697582419
238	4197	306	一下，	mq	DET	m	DET		17	1	4	1896	93.73333333333332	114.78470668555497	2	323.00000000000006	一下	69.13333333333334	24.6	69.84923446649617	66.49491208606365
239	4198	306	也	d	ADV	d	ADV	RB	18	2	3	10	60.0	148.96576787973805	1	5013.0	也	36.8	23.2	78.15727733231243	86.80645137315544
240	4199	306	不	d	ADV	d	ADV	RB	19	1	3	1105	105.4	144.66365588264847	1	4915.0	不	89.13333333333334	16.266666666666666	120.93296582083076	60.86429349152278
241	4200	306	要紧。	a	ADJ	v	ADJ	JJ	20	9	2	145	278.6	168.99932938722964	2	19.0	要紧	202.86666666666667	59.2	91.23001455417814	88.15607371777247
242	4201	306	但	c	CCONJ	c	CCONJ		21	3	5	8	56.4	85.00023529379199	1	1670.0	但	49.73333333333333	6.666666666666667	73.29799148377502	24.944382578492945
243	4202	306	若	c	CCONJ	c	CCONJ		22	2	5	78	40.8	62.151642509805534	1	158.00000000000003	若	40.8	0.0	62.151642509805534	0.0
244	4203	306	拖延	v	VERB	v	VERB	VV	23	1	5	208	168.33333333333334	217.87294972580287	2	5.999999999999999	拖延	97.2	46.86666666666667	115.79476096381332	83.73996789002383
245	4204	306	处理	v	VERB	v	VERB	VV	24	7	4	247	279.6666666666667	311.28950440956976	2	227.00000000000003	处理	149.53333333333333	80.46666666666667	118.9447303956291	151.63107274639395
246	4205	306	猴面包树，	n	NOUN	n	NOUN		25	1	5	597	287.6666666666667	145.53930358803044	4	0.0	猴面包树	180.9333333333333	73.86666666666666	73.6047703768052	103.79779488130865
247	4206	306	那	r	PRON	r	PRON		26	3	4	106	23.4	60.75722179296877	1	1800.0	那	23.4	0.0	60.75722179296877	0.0
248	4207	306	麻烦	a	ADJ	an	ADJ	JJ	27	2	4	187	319.3333333333333	227.9958089283417	2	34.0	麻烦	236.13333333333333	66.26666666666667	158.08599628753402	118.01664666007456
249	4208	306	就	d	ADV	d	ADV	RB	28	1	4	84	140.66666666666666	166.41541061118377	1	4703.0	就	140.66666666666666	0.0	166.41541061118377	0.0
250	4209	306	大	a	ADJ	a	ADJ	JJ	29	9	3	2294	63.93333333333333	203.0292151938293	1	2188.0	大	31.266666666666666	17.133333333333333	85.74416727814331	64.10706322672686
251	4210	306	了。”​	u	PART	ul	PART		30	1	4	27	24.266666666666666	61.87241352618755	1	13624.0	了	24.266666666666666	0.0	61.87241352618755	0.0
252	4211	307	他	r	PRON	r	PRON	PRP	1	1	1	28	16.533333333333335	44.73159460108208	1	5536.999999999999	他	16.533333333333335	0.0	44.73159460108208	0.0
253	4212	307	告诉	v	VERB	v	VERB	VV	0	0	0	91	198.8	245.18433881469667	2	240.0	告诉	102.2	71.26666666666667	115.06821165436322	133.84342427710905
254	4213	307	我：	r	PRON	r	PRON	PRP	1	1	1	79	134.6	136.28440849928504	1	5517.999999999999	我	105.66666666666669	28.933333333333334	97.88065295155228	61.19527941126032
255	4214	307	“我	r	PRON	r	PRON	PRP	2	8	2	79	38.6	80.43034253315102	1	5517.999999999999	我	38.6	0.0	80.43034253315102	0.0
256	4215	307	知道	v	VERB	v	VERB	VV	3	7	2	461	214.53333333333333	237.4708028836856	2	709.0	知道	148.73333333333332	65.8	165.80489203344462	137.29054349565865
257	4216	307	有	v	VERB	v	VERB	VV	4	1	3	482	79.06666666666666	126.67936778426952	1	5604.000000000001	有	61.93333333333333	17.133333333333333	89.2229168369253	64.10706322672686
258	4217	307	一	m	NUM	m	NUM	CD	5	2	5	1473	86.06666666666666	88.70585600110563	1	8489.0	一	86.06666666666666	0.0	88.70585600110563	0.0
259	4218	307	颗	q	DET	m	DET		6	1	5	8	119.86666666666666	139.8751189057185	1	104.0	颗	104.66666666666669	15.2	113.64662579925351	56.87319227896391
260	4219	307	行星，	n	NOUN	n	NOUN	NN	7	3	4	626	110.2	126.41107546413804	2	33.0	行星	78.06666666666666	32.13333333333333	72.86742909024733	82.35360074432421
261	4220	307	住	v	VERB	v	VERB	VV	8	8	1	67	33.733333333333334	98.23405157525008	1	249.0	住	16.866666666666667	16.866666666666667	43.02071852284923	63.109287923587154
262	4221	307	着	u	AUX	uz	AUX	AS	9	1	2	49	41.266666666666666	69.70362655956687	1	4303.0	着	41.266666666666666	0.0	69.70362655956687	0.0
263	4222	307	一	m	NUM	m	NUM	CD	10	1	4	1473	100.66666666666669	163.97384615304424	1	8489.0	一	100.66666666666669	0.0	163.97384615304424	0.0
264	4223	307	个	q	DET	q	DET		11	1	3	99	34.93333333333333	74.06885685330614	1	3297.9999999999995	个	34.93333333333333	0.0	74.06885685330614	0.0
265	4224	307	懒汉。	n	NOUN	n	NOUN		12	4	2	320	183.46666666666667	171.5520782606715	2	0.0	懒汉	133.33333333333334	40.73333333333333	97.97596077043023	69.66631578859008
266	4225	307	他	r	PRON	r	PRON	PRP	13	2	2	28	29.266666666666666	62.0413482194648	1	5536.999999999999	他	29.266666666666666	0.0	62.0413482194648	0.0
267	4226	307	就	d	ADV	d	ADV	RB	14	1	2	84	143.53333333333333	119.5284438486877	1	4703.0	就	132.46666666666667	11.066666666666666	103.87483921634836	41.40767508029828
268	4227	307	忽略	v	VERB	d	VERB	VV	15	15	1	58	74.13333333333334	85.63322304391497	2	23.0	忽略	74.13333333333334	0.0	85.63322304391497	0.0
269	4228	307	了	u	PART	ul	PART		16	1	2	27	82.4	99.37860266006292	1	13624.0	了	73.46666666666667	8.933333333333334	87.51827745613421	33.42547265518054
270	4229	307	三	m	NUM	m	NUM	CD	17	2	4	1324	101.53333333333332	133.49100677157577	1	1383.0000000000002	三	85.13333333333334	16.4	109.05953521917388	61.36318114309263
271	4230	307	棵	q	DET	q	DET		18	1	4	4	108.66666666666669	138.4748673546535	1	67.0	棵	87.53333333333333	21.133333333333333	104.1850063855426	57.18842151655837
272	4231	307	灌木……”	n	NOUN	n	NOUN	NN	19	2	3	502	204.0	210.17738539941288	2	8.0	灌木	119.46666666666668	65.73333333333333	83.38334499300338	126.24234190195018
273	4232	308	凭	p	ADP	p	ADP		8	4	2	48	31.4	57.867434710724815	1	51.00000000000001	凭	31.4	0.0	57.867434710724815	0.0
274	4233	308	着	u	AUX	uz	AUX	AS	7	1	3	49	62.13333333333333	88.60764953182968	1	4303.0	着	62.13333333333333	0.0	88.60764953182968	0.0
275	4234	308	小王子	n	NOUN	nr	NOUN		6	2	2	3047	163.53333333333333	191.7960259117888	3	0.0	小王子	112.06666666666666	25.0	117.9392310566006	43.38509728774002
276	4235	308	的	u	PART	uj	PART		5	1	2	13	85.46666666666667	108.54975305770571	1	77946.0	的	80.33333333333333	5.133333333333334	103.38579313533472	19.207174585439564
277	4236	308	描述，	v	VERB	v	VERB		4	4	1	43	84.8	108.25168205005714	2	54.00000000000001	描述	75.33333333333333	9.466666666666669	96.41691875507236	35.42102326145998
278	4237	308	我	r	PRON	r	PRON	PRP	1	1	1	79	19.53333333333333	55.24595510583156	1	5517.999999999999	我	19.53333333333333	0.0	55.24595510583156	0.0
279	4238	308	画	v	VERB	n	VERB	VV	0	0	0	134	100.73333333333332	131.87795704952194	1	169.0	画	90.93333333333334	9.8	115.67337156359233	36.66824239038463
280	4239	308	下	vd	VERB	f	VERB	VV	1	1	1	423	67.73333333333333	87.06048982683757	1	1470.0	下	67.73333333333333	0.0	87.06048982683757	0.0
281	4240	308	了	u	PART	ul	PART		2	2	1	27	38.06666666666667	72.294275169077	1	13624.0	了	38.06666666666667	0.0	72.294275169077	0.0
282	4241	308	这	r	PRON	r	PRON		3	2	2	60	54.4	82.29848115244899	1	6817.0	这	54.4	0.0	82.29848115244899	0.0
283	4242	308	颗	q	DET	m	DET		4	1	2	8	30.933333333333334	65.79510282350469	1	104.0	颗	30.933333333333334	0.0	65.79510282350469	0.0
284	4243	308	星球。	n	NOUN	n	NOUN	NN	5	5	1	377	30.933333333333334	63.82942546784794	2	13.0	星球	30.933333333333334	0.0	63.82942546784794	0.0
285	4244	309	猴面包树	n	NOUN	n	NOUN		5	5	1	597	289.46666666666664	231.3216711757797	4	0.0	猴面包树	152.73333333333332	106.06666666666666	105.14210489724002	109.30170274164178
286	4245	309	的	u	PART	uj	PART		4	1	2	13	54.93333333333333	95.05820439195251	1	77946.0	的	54.93333333333333	0.0	95.05820439195251	0.0
287	4246	309	危害，	v	VERB	n	VERB		3	3	1	92	103.8	87.04267152762871	2	44.00000000000001	危害	97.26666666666668	6.533333333333333	77.55898114052012	24.44549492692309
288	4247	309	知道	v	VERB	v	VERB	VV	0	0	0	461	98.33333333333331	130.00290595042696	2	709.0	知道	91.8	2.2666666666666666	120.6759849072438	8.4810900766876
289	4248	309	的	u	PART	uj	PART		1	3	2	13	146.06666666666666	226.5708032578092	1	77946.0	的	132.06666666666666	14.0	207.6829207122135	52.38320341483518
290	4249	309	人	n	NOUN	n	NOUN	NN	2	2	2	746	105.26666666666668	154.78004465118306	1	3557.0000000000005	人	80.46666666666667	24.8	124.3730231557024	63.227841968550536
291	4250	309	太少。	d	ADV	d	ADV		3	1	2	402	212.7333333333333	276.1266537096499	2	0.0	太少	114.06666666666666	44.2	89.69018278991793	107.7937536842156
292	4251	310	我	r	PRON	r	PRON	PRP	2	2	1	79	29.666666666666668	76.00497059768891	1	5517.999999999999	我	29.666666666666668	0.0	76.00497059768891	0.0
293	4252	310	又	d	ADV	d	ADV	RB	1	1	1	13	210.9333333333333	313.3422977441053	1	2691.0000000000005	又	109.73333333333332	60.6	133.28038948855988	126.88041614055336
294	4253	310	想到	v	VERB	v	VERB	VV	0	0	0	79	408.9333333333333	461.0400512850146	2	150.0	想到	171.13333333333333	88.6	159.62408618027823	127.29482838408371
295	4254	310	某	r	PRON	r	PRON		1	1	1	28	123.06666666666666	145.52501121418578	1	219.0	某	98.8	24.266666666666666	103.28678521476016	66.13467740569659
296	4255	310	一	m	NUM	m	NUM	CD	2	3	4	1473	117.2	200.26921880309013	1	8489.0	一	74.53333333333333	28.866666666666667	89.02648794350789	108.00917656487442
297	4256	310	颗	q	DET	m	DET		3	2	4	8	37.93333333333333	56.20138392918412	1	104.0	颗	37.93333333333333	0.0	56.20138392918412	0.0
298	4257	310	小	a	ADJ	a	ADJ		4	1	4	1323	0.0	0.0	1	1517.9999999999998	小	0.0	0.0	0.0	0.0
299	4258	310	行星	n	NOUN	n	NOUN	NN	5	2	3	626	80.0	126.26585708997769	2	33.0	行星	71.46666666666667	8.533333333333333	108.82332266364388	31.92880970047097
300	4259	310	上	nd	NOUN	f	NOUN		6	1	4	940	90.33333333333331	209.6068277089805	1	3985.0	上	34.46666666666667	42.6	70.86500468418025	120.74756036182816
301	4260	310	迷路	v	VERB	n	VERB	VV	7	9	2	274	140.8	202.93059568893665	2	0.0	迷路	84.73333333333333	56.06666666666667	109.65854073238232	103.84184555798733
302	4261	310	的	u	PART	uj	PART		8	1	3	13	88.93333333333334	151.7368189406323	1	77946.0	的	77.13333333333334	11.8	126.6927341598124	44.15155716393251
303	4262	310	那	r	PRON	r	PRON		9	1	5	106	42.06666666666667	94.58503522697916	1	1800.0	那	28.2	13.866666666666667	56.4047279342196	51.884315763265306
304	4263	310	个	q	DET	q	DET		10	1	4	99	56.53333333333333	78.38270784356004	1	3297.9999999999995	个	56.53333333333333	0.0	78.38270784356004	0.0
305	4264	310	人	n	NOUN	n	NOUN	NN	11	1	3	746	47.06666666666667	100.71641155023124	1	3557.0000000000005	人	47.06666666666667	0.0	100.71641155023124	0.0
306	4265	310	可能	vu	AUX	v	AUX		12	4	2	392	110.8	147.31019426140654	2	548.0	可能	83.13333333333334	27.666666666666668	90.4742074970664	81.44336819055447
307	4266	310	会	vu	AUX	v	AUX		13	1	3	209	138.13333333333333	188.54066463822127	1	1360.0	会	113.73333333333332	24.4	152.19525470774556	62.315113201641005
308	4267	310	遭遇	n	NOUN	n	NOUN		14	1	4	57	164.0	155.83837781496572	2	25.0	遭遇	137.33333333333334	26.666666666666668	125.67612696486508	68.5970520908556
309	4268	310	的	u	PART	uj	PART		15	3	3	13	77.93333333333334	129.6870421009319	1	77946.0	的	77.93333333333334	0.0	129.6870421009319	0.0
310	4269	310	灾难，​	n	NOUN	n	NOUN	NN	16	16	1	128	97.4	213.68662413294223	2	21.0	灾难	42.06666666666667	29.933333333333334	67.70077957863968	76.32078499479826
311	4270	310	虽然	c	CCONJ	c	CCONJ		17	3	2	26	102.86666666666666	114.76170480124844	2	419.0	虽然	90.26666666666668	12.6	102.22685013678591	47.144883073351664
312	4271	310	我	r	PRON	r	PRON	PRP	18	2	2	79	78.13333333333334	119.49999535099946	1	5517.999999999999	我	65.73333333333333	12.4	98.94339571469918	46.39655159599686
313	4272	310	不	d	ADV	d	ADV	RB	19	1	2	1105	82.66666666666667	150.1699777659377	1	4915.0	不	66.4	16.266666666666666	118.09758676619944	60.86429349152278
314	4273	310	喜欢	v	VERB	v	VERB	VV	20	20	1	233	184.06666666666663	179.61531733742035	2	146.0	喜欢	112.26666666666668	46.73333333333333	92.50402994224387	100.39287269965376
315	4274	310	用	p	ADP	p	ADP		21	3	4	159	91.0	100.98382708797152	1	1806.0	用	91.0	0.0	100.98382708797152	0.0
316	4275	310	正经八百	n	NOUN	nz	NOUN		22	2	4	1664	281.8666666666667	317.8550752920093	4	0.0	正经八百	131.2	56.4	72.00203700822173	93.9785791195703
317	4276	310	的	u	PART	uj	PART		23	1	4	13	54.266666666666666	78.69643504561618	1	77946.0	的	54.266666666666666	0.0	78.69643504561618	0.0
318	4277	310	姿态	n	NOUN	n	NOUN	NN	24	3	3	11	177.66666666666666	185.6267461571443	2	33.0	姿态	116.86666666666666	43.0	104.6230482361426	82.87178852500611
319	4278	310	对	p	ADP	p	ADP	IN	25	1	4	248	139.93333333333334	238.18969097945623	1	3237.0	对	78.6	35.6	104.89664754731996	92.50931484630796
320	4279	310	人	n	NOUN	n	NOUN	NN	26	1	3	746	66.93333333333334	104.54885088905677	1	3557.0000000000005	人	66.93333333333334	0.0	104.54885088905677	0.0
321	4280	310	说话，	v	VERB	v	VERB	VV	27	7	2	188	114.8	157.61988030279258	2	161.0	说话	62.66666666666666	45.13333333333333	78.21991789535166	91.08155076023291
322	4281	310	但	c	CCONJ	c	CCONJ		28	3	2	8	39.06666666666667	70.5298675897114	1	1670.0	但	39.06666666666667	0.0	70.5298675897114	0.0
323	4282	310	为此	c	CCONJ	r	CCONJ		29	2	2	186	200.9333333333333	233.1189872623468	2	56.0	为此	122.2	78.73333333333333	101.02290169395584	167.08459600520396
324	4284	310	我	r	PRON	r	PRON	PRP	30	1	2	79	82.66666666666667	148.85011103642333	1	5517.999999999999	我	53.0	29.666666666666668	89.20089685647785	79.00351609615585
325	4285	310	打破	v	VERB	v	VERB	VV	31	31	1	532	143.93333333333334	169.72623708653757	2	52.0	打破	95.33333333333331	24.0	97.07912008024977	50.57008338270101
326	4286	310	了	u	PART	ul	PART		32	1	2	27	14.333333333333334	53.63042254375984	1	13624.0	了	14.333333333333334	0.0	53.63042254375984	0.0
327	4287	310	惯例。	n	NOUN	n	NOUN	NN	33	2	2	39	197.06666666666663	251.83419589527995	2	8.0	惯例	117.86666666666666	47.4	132.5513066283727	89.72684473816443
328	4288	311	我	r	PRON	r	PRON	PRP	1	1	1	79	101.06666666666666	110.38506340181276	1	5517.999999999999	我	101.06666666666666	0.0	110.38506340181276	0.0
329	4289	311	说：	v	VERB	v	VERB	VV	0	0	0	134	141.8	172.5777892236812	1	3707.0	说	92.53333333333332	39.13333333333333	103.41622481775067	79.71939677532829
330	4290	311	“孩子	n	NOUN	n	NOUN	NN	1	1	2	217	213.06666666666663	171.5002299966064	2	416.0	孩子	135.46666666666667	62.46666666666667	77.85188215807987	87.23597626871356
331	4291	311	们，	k	PART	k	PART	SFN	2	2	1	1	58.66666666666666	94.75770270654635	1	763.0000000000001	们	53.0	2.4	92.72252513098782	8.97997772825746
332	4292	311	当心	v	VERB	n	VERB	VV	3	1	2	717	164.4	188.8	2	11.000000000000002	当心	103.53333333333332	35.666666666666664	78.09470034658064	64.25020536067484
333	4293	311	猴面包树！”	n	NOUN	n	NOUN		4	1	3	597	513.4	432.7825936117733	4	0.0	猴面包树	221.9333333333333	107.33333333333331	47.5022338656007	94.98046582792112
334	4294	312	我	r	PRON	r	PRON	PRP	4	4	1	79	42.46666666666667	81.85749134250872	1	5517.999999999999	我	42.46666666666667	0.0	81.85749134250872	0.0
335	4295	312	下	v	VERB	f	VERB	VV	3	3	1	423	106.93333333333334	147.94028825471744	1	1470.0	下	88.0	18.933333333333334	108.42385961278696	70.84204652291996
336	4296	312	了	u	PART	ul	PART		2	1	2	27	134.0	128.02395609155863	1	13624.0	了	134.0	0.0	128.02395609155863	0.0
337	4297	312	功夫	n	NOUN	n	NOUN	NN	1	1	1	165	104.4	103.4258510560424	2	28.0	功夫	83.13333333333334	21.266666666666666	76.30628341682545	54.22725841821211
338	4298	312	画	v	VERB	n	VERB	VV	0	0	0	134	11.066666666666666	41.40767508029828	1	169.0	画	11.066666666666666	0.0	41.40767508029828	0.0
339	4299	312	好	a	ADJ	a	ADJ		1	1	1	253	24.8	63.24470992370297	1	1325.0	好	24.8	0.0	63.24470992370297	0.0
340	4300	312	这	r	PRON	r	PRON		2	2	2	60	45.86666666666667	94.69731898117402	1	6817.0	这	45.86666666666667	0.0	94.69731898117402	0.0
341	4301	312	张	q	DET	q	DET		3	1	2	1366	55.53333333333333	99.33436241077683	1	339.0	张	55.53333333333333	0.0	99.33436241077683	0.0
342	4302	312	画，	n	NOUN	n	NOUN		4	4	1	134	72.46666666666667	105.81484877947057	1	169.0	画	59.333333333333336	13.133333333333333	90.7697942905874	49.1404336796311
343	4303	312	为	p	ADP	p	ADP	IN	5	2	3	109	28.73333333333333	73.25614119118083	1	3062.0000000000005	为	25.133333333333333	3.6	64.80418367838779	13.46996659238619
344	4304	312	了	u	PART	ul	PART		6	1	3	27	25.6	57.476719924969046	1	13624.0	了	25.6	0.0	57.476719924969046	0.0
345	4305	312	提醒	v	VERB	v	VERB	VV	7	4	2	168	214.0	197.4088819345945	2	24.0	提醒	171.26666666666668	42.73333333333333	153.10234775759935	99.73863622265723
346	4306	312	我	r	PRON	r	PRON	PRP	8	1	3	79	158.53333333333333	176.0802342368072	1	5517.999999999999	我	111.86666666666666	46.66666666666666	108.64122401535964	95.49845839360736
347	4307	312	的	u	PART	uj	PART		9	2	3	13	74.06666666666666	147.04215570901954	1	77946.0	的	58.4	15.666666666666666	101.18814159771884	58.61929905945842
348	4308	312	朋友	n	NOUN	n	NOUN	NN	10	1	2	94	87.73333333333333	138.4025369067425	2	137.0	朋友	69.6	18.133333333333333	102.17227282063044	67.8487206135008
349	4309	312	们。	k	PART	k	PART	SFN	11	11	1	1	99.73333333333332	120.07023870311168	1	763.0000000000001	们	70.2	29.53333333333333	83.56650046519836	76.16899339991015
350	4310	313	他们	r	PRON	r	PRON		10	10	1	29	133.66666666666666	145.3440363031414	2	1861.0	他们	95.53333333333332	23.0	106.53566956136753	59.68696116685229
351	4311	313	像	v	VERB	v	VERB	VV	9	2	2	21	192.7333333333333	220.02983636063743	1	325.0	像	176.06666666666666	16.666666666666668	211.4415495802301	50.35562420315024
352	4312	313	我	r	PRON	r	PRON	PRP	8	1	3	79	96.2	121.20187017258988	1	5517.999999999999	我	96.2	0.0	121.20187017258988	0.0
353	4313	313	一样，	a	ADJ	r	ADJ	JJ	7	7	1	1506	222.26666666666668	192.98098927672183	2	552.0	一样	150.66666666666666	57.6	109.94341979198008	99.85709789494186
354	4314	313	很	d	ADV	zg	ADV	RB	4	4	1	10	45.4	84.51887363186995	1	1754.9999999999998	很	36.06666666666667	9.333333333333334	61.92303466580287	34.922135609890105
355	4315	313	久	a	ADJ	a	ADJ		3	3	1	102	74.2	83.89374231729087	1	69.0	久	74.2	0.0	83.89374231729087	0.0
356	4316	313	以来	nt	NOUN	f	NOUN		2	2	1	504	68.43333333333334	101.04303813502224	2	174.0	以来	54.0	5.333333333333333	71.00422522639057	19.95550606279436
357	4317	313	不	d	ADV	d	ADV	RB	1	1	1	1105	91.66666666666669	197.20739224368737	1	4915.0	不	58.66666666666666	16.733333333333334	98.47210546929296	62.61040027201728
358	4318	313	知道	v	VERB	v	VERB	VV	0	0	0	461	380.8666666666667	335.62218175932423	2	709.0	知道	276.26666666666665	56.06666666666667	180.3805113888108	92.95838973552748
359	4319	313	这	r	PRON	r	PRON		1	2	2	60	81.06666666666666	135.74017664477807	1	6817.0	这	65.93333333333334	15.133333333333333	98.68567384490125	56.62374845317899
360	4320	313	种	q	DET	m	DET		2	1	2	91	66.8	114.07202403160323	1	3152.0	种	66.8	0.0	114.07202403160323	0.0
361	4321	313	危险。​	a	ADJ	an	ADJ		3	3	1	99	44.0	93.56067549991288	2	82.0	危险	44.0	0.0	93.56067549991288	0.0
362	4322	314	只要	vu	CCONJ	c	CCONJ		10	10	1	128	168.06666666666666	168.36249252398497	2	256.0	只要	80.53333333333333	87.53333333333333	98.08558621032051	114.35609102953616
363	4323	314	能	vu	AUX	v	AUX		9	1	2	96	84.46666666666667	95.2049485175126	1	1507.9999999999998	能	79.0	5.466666666666667	88.46242140027594	20.45439371436422
364	4324	314	告诉	v	VERB	v	VERB	VV	8	8	1	91	139.6	140.71758951886576	2	240.0	告诉	121.73333333333332	17.866666666666667	99.81413838841782	66.85094531036108
365	4325	314	人们	n	NOUN	n	NOUN		7	1	3	747	155.0	109.50007610347431	2	806.0000000000001	人们	140.53333333333333	14.466666666666669	89.537229997111	39.21711644450957
366	4326	314	真相，	n	NOUN	d	NOUN	NN	6	2	2	561	76.26666666666667	109.9530000601267	2	11.000000000000002	真相	62.66666666666666	13.6	78.04585546686995	50.88654046012561
367	4327	314	再	d	ADV	d	ADV	RB	3	1	2	81	28.33333333333333	78.26592844626299	1	858.0	再	28.33333333333333	0.0	78.26592844626299	0.0
368	4328	314	麻烦	a	ADJ	an	ADJ	JJ	2	2	1	187	245.46666666666667	205.6595460679832	2	34.0	麻烦	176.06666666666666	53.13333333333333	115.723501886561	96.6422038012149
369	4329	314	也	d	ADV	d	ADV	RB	1	1	1	10	24.266666666666666	51.52147340888285	1	5013.0	也	24.266666666666666	0.0	51.52147340888285	0.0
370	4330	314	值得。	v	VERB	v	VERB	VV	0	0	0	173	113.4	114.2779068761762	2	86.0	值得	102.8	10.6	93.64058948981472	39.66156829980378
371	4331	315	也许	d	ADV	d	ADV	RB	3	3	1	203	112.53333333333332	110.05747993157432	2	137.0	也许	105.93333333333334	6.6	112.35625878823522	24.69493875270801
372	4332	315	你们	r	PRON	r	PRON		2	2	1	22	185.9333333333333	201.6701817875469	2	469.0	你们	149.0	30.866666666666667	145.34327183143589	80.82645331545578
373	4333	315	会	vu	AUX	v	AUX		1	1	1	209	81.46666666666667	104.6619107199728	1	1360.0	会	81.46666666666667	0.0	104.6619107199728	0.0
374	4334	315	问：	v	VERB	n	VERB	VV	0	0	0	68	73.0	100.69822904765174	1	471.0	问	66.46666666666667	6.533333333333333	81.53434177626559	24.44549492692309
375	4335	315	为什么	r	PRON	r	PRON		1	9	2	149	91.26666666666668	99.5486257508806	3	332.0	为什么	80.73333333333333	3.733333333333333	93.88536745532936	13.968854243956049
376	4336	315	这	r	PRON	r	PRON		2	2	4	60	61.266666666666666	91.85094205045236	1	6817.0	这	61.266666666666666	0.0	91.85094205045236	0.0
377	4337	315	本	q	DET	r	DET		3	1	4	284	131.53333333333333	152.8074460082216	1	431.0	本	116.13333333333334	15.4	124.5246249631864	57.6215237563187
378	4338	315	书	n	NOUN	n	NOUN		4	4	3	242	57.6	123.33358558532764	1	244.00000000000003	书	49.0	8.6	100.32414132866192	32.17825352625589
379	4339	315	里	nd	NOUN	f	NOUN		5	1	4	334	103.4	181.9365457148912	1	1968.0	里	72.6	16.933333333333334	103.63448589473808	63.35873174937208
380	4340	315	的	u	PART	uj	PART		6	4	2	13	77.33333333333333	149.69910561597294	1	77946.0	的	44.8	32.53333333333333	85.73618450417146	83.26493192748607
381	4341	315	其他	r	PRON	r	PRON		7	1	3	102	243.53333333333333	215.4965944562053	2	436.0	其他	175.73333333333332	67.8	171.55891764120636	121.9000683620262
382	4342	315	画	n	NOUN	n	NOUN		8	2	2	134	143.06666666666666	164.1046278716383	1	169.0	画	124.33333333333331	18.73333333333333	127.80749412908288	70.09371504556518
383	4343	315	都	d	ADV	d	ADV	RB	9	1	2	74	164.73333333333332	219.12598101447384	1	3592.0	都	105.0	44.53333333333333	125.1250041625041	90.94384103512576
384	4344	315	没有	v	VERB	v	VERB	VV	10	10	1	597	194.9333333333333	215.84453252798	2	1983.0	没有	118.73333333333332	57.6	101.37354465320604	109.13099162627148
385	4345	315	猴面包树	n	NOUN	n	NOUN		11	2	3	597	282.26666666666665	174.5353704999521	4	0.0	猴面包树	187.26666666666668	76.0	77.61139664307613	90.1228790781416
386	4346	315	那么	r	PRON	r	PRON		12	1	3	108	115.06666666666666	138.4685122650232	2	460.0	那么	96.33333333333331	18.73333333333333	95.4069645722412	70.09371504556519
387	4347	315	雄伟？	a	ADJ	a	ADJ	JJ	13	3	2	206	179.0	139.19722219450597	2	15.0	雄伟	147.93333333333334	31.066666666666663	100.20343751034136	68.6230929708716
388	4348	316	答案	n	NOUN	n	NOUN	NN	2	2	1	71	233.26666666666668	202.4145800633497	2	26.0	答案	173.46666666666667	50.93333333333333	163.7236967848237	90.20751385309072
389	4349	316	很	d	ADV	zg	ADV	RB	1	1	1	10	56.06666666666667	103.71143727777677	1	1754.9999999999998	很	56.06666666666667	0.0	103.71143727777677	0.0
390	4350	316	简单：	a	ADJ	a	ADJ	JJ	0	0	0	439	96.4	115.31683889759265	2	188.00000000000003	简单	58.93333333333333	28.53333333333333	67.74310953070349	59.15952069522613
391	4351	316	我	r	PRON	r	PRON	PRP	1	1	2	79	43.4	74.43905784823806	1	5517.999999999999	我	43.4	0.0	74.43905784823806	0.0
392	4352	316	试	v	VERB	v	VERB		2	2	1	145	101.46666666666668	114.15128363516354	1	70.00000000000001	试	101.46666666666668	0.0	114.15128363516354	0.0
393	4353	316	过	u	AUX	ug	AUX	AS	3	1	2	213	64.06666666666666	98.05404405507991	1	1051.0	过	64.06666666666666	0.0	98.05404405507991	0.0
394	4354	316	了，	u	PART	ul	PART		4	2	2	27	17.466666666666665	40.491754990642505	1	13624.0	了	17.466666666666665	0.0	40.491754990642505	0.0
395	4355	316	但	c	CCONJ	c	CCONJ		5	3	3	8	17.866666666666667	47.94839818897904	1	1670.0	但	17.866666666666667	0.0	47.94839818897904	0.0
396	4356	316	画	n	NOUN	n	NOUN		6	2	3	134	114.86666666666666	136.8619093181964	1	169.0	画	114.86666666666666	0.0	136.8619093181964	0.0
397	4357	316	不	d	ADV	d	ADV	RB	7	1	3	1105	90.33333333333331	111.61819843655526	1	4915.0	不	81.93333333333334	2.533333333333333	105.91346572661205	9.47886537982732
398	4358	316	出来。	vd	VERB	v	VERB	VV	8	6	2	619	72.73333333333333	100.58195110897825	2	688.0	出来	72.73333333333333	0.0	100.58195110897825	0.0
399	4359	317	我	r	PRON	r	PRON	PRP	7	7	1	79	15.533333333333331	46.07655465514853	1	5517.999999999999	我	15.533333333333331	0.0	46.07655465514853	0.0
400	4360	317	画	v	VERB	n	VERB	VV	6	3	2	134	46.66666666666666	94.10466985696772	1	169.0	画	46.66666666666666	0.0	94.10466985696772	0.0
401	4361	317	猴面包树	n	NOUN	n	NOUN		5	1	3	597	441.06666666666666	297.3643033198317	4	0.0	猴面包树	263.7333333333333	147.86666666666667	193.022785068384	135.72612947484438
402	4362	317	的	u	PART	uj	PART		4	2	3	13	56.8	96.2574326134524	1	77946.0	的	56.8	0.0	96.2574326134524	0.0
403	4363	317	时候，	n	NOUN	n	NOUN	NN	3	3	1	371	51.46666666666667	97.11770636134736	2	703.0000000000001	时候	48.46666666666667	3.0	95.76350499479896	11.224972160321824
404	4364	317	有	v	VERB	v	VERB	VV	0	0	0	482	18.266666666666666	39.08190828958529	1	5604.000000000001	有	18.266666666666666	0.0	39.08190828958529	0.0
405	4365	317	一	m	NUM	m	NUM	CD	1	5	3	1473	0.0	0.0	1	8489.0	一	0.0	0.0	0.0	0.0
406	4366	317	种	q	DET	m	DET		2	4	3	91	0.0	0.0	1	3152.0	种	0.0	0.0	0.0	0.0
407	4367	317	急切	a	ADJ	a	ADJ	JJ	3	3	3	323	156.26666666666668	147.76669298443258	2	10.0	急切	126.93333333333334	29.33333333333333	118.656066942328	76.49197488771107
408	4368	317	劝世	v	VERB	nz	VERB	VV	4	2	3	343	124.93333333333334	151.56405319937255	2	0.0	劝世	101.66666666666669	23.266666666666666	112.14732374079296	59.38177797570191
409	4369	317	的	u	PART	uj	PART		5	1	4	13	76.13333333333334	101.03521938193413	1	77946.0	的	69.6	6.533333333333333	89.86938670463189	24.44549492692309
410	4370	317	心情	n	NOUN	n	NOUN	NN	6	2	2	750	112.26666666666668	126.48871710771502	2	80.99999999999999	心情	110.13333333333334	2.1333333333333333	126.64378740739276	7.982202425117742
411	4371	317	在	p	ADP	p	ADP		7	1	2	175	86.93333333333334	112.5098316691578	1	12434.0	在	82.33333333333333	4.6	109.06919312477235	17.21162397916013
412	4372	317	激励	v	VERB	v	VERB	VV	8	8	1	107	173.13333333333333	188.95603251079928	2	16.0	激励	134.6	36.266666666666666	132.8883240419062	92.51195718512405
413	4373	317	着	u	AUX	uz	AUX	AS	9	1	2	49	36.06666666666667	72.75205991738119	1	4303.0	着	36.06666666666667	0.0	72.75205991738119	0.0
414	4374	317	我。​	r	PRON	r	PRON	PRP	10	2	2	79	8.066666666666666	30.182702919976457	1	5517.999999999999	我	8.066666666666666	0.0	30.182702919976457	0.0
